{
  "MeshQuad|2023-06-29T11:54:51.271Z|84924": {
    "ƒ.MeshQuad": {
      "idResource": "MeshQuad|2023-06-29T11:54:51.271Z|84924",
      "name": "MeshQuad"
    }
  },
  "Material|2023-06-29T11:55:02.112Z|73412": {
    "ƒ.Material": {
      "name": "ShaderLitTextured",
      "idResource": "Material|2023-06-29T11:55:02.112Z|73412",
      "shader": "ShaderLitTextured",
      "coat": {
        "ƒ.CoatTextured": {
          "color": "[1, 1, 1, 1]",
          "idTexture": "TextureImage|2023-06-29T11:59:35.109Z|58772"
        }
      }
    }
  },
  "TextureImage|2023-06-29T11:59:35.109Z|58772": {
    "ƒ.TextureImage": {
      "url": "Assets\\FloorTexture.png",
      "type": "TextureImage",
      "Texture": {
        "idResource": "TextureImage|2023-06-29T11:59:35.109Z|58772",
        "name": "Assets\\FloorTexture.png",
        "mipmap": "CRISP"
      }
    }
  },
  "Graph|2023-06-20T11:08:39.070Z|36806": {
    "ƒ.Graph": {
      "name": "NewGraph",
      "active": true,
      "components": {},
      "children": [
        {
          "ƒ.Node": {
            "name": "Background",
            "active": true,
            "components": {},
            "children": []
          }
        },
        {
          "ƒ.Node": {
            "name": "Floors",
            "active": true,
            "components": {},
            "children": [
              {
                "ƒ.Node": {
                  "name": "Floor1",
                  "active": true,
                  "components": {
                    "ComponentMesh": [
                      {
                        "ƒ.ComponentMesh": {
                          "idMesh": "MeshQuad|2023-06-29T11:54:51.271Z|84924",
                          "pivot": {
                            "translation": "[0, 0, 0]",
                            "rotation": "[0, 0, 0]",
                            "scaling": "[1, 1, 1]"
                          },
                          "Component": {
                            "active": true
                          }
                        }
                      }
                    ],
                    "ComponentMaterial": [
                      {
                        "ƒ.ComponentMaterial": {
                          "sortForAlpha": false,
                          "clrPrimary": "[1, 1, 1, 1]",
                          "clrSecondary": "[1, 1, 1, 1]",
                          "pivot": {
                            "translation": "[0, 0]",
                            "rotation": 0,
                            "scaling": "[1, 1]"
                          },
                          "Component": {
                            "active": true
                          },
                          "idMaterial": "Material|2023-06-29T11:55:02.112Z|73412"
                        }
                      }
                    ],
                    "ComponentTransform": [
                      {
                        "ƒ.ComponentTransform": {
                          "local": {
                            "translation": "[-1, 0, 0]",
                            "rotation": "[0, 0, 0]",
                            "scaling": "[1, 1, 1]"
                          },
                          "Component": {
                            "active": true
                          }
                        }
                      }
                    ]
                  },
                  "children": []
                }
              },
              {
                "ƒ.Node": {
                  "name": "Floor2",
                  "active": true,
                  "components": {
                    "ComponentMesh": [
                      {
                        "ƒ.ComponentMesh": {
                          "idMesh": "MeshQuad|2023-06-29T11:54:51.271Z|84924",
                          "pivot": {
                            "translation": "[0, 0, 0]",
                            "rotation": "[0, 0, 0]",
                            "scaling": "[1, 1, 1]"
                          },
                          "Component": {
                            "active": true
                          }
                        }
                      }
                    ],
                    "ComponentMaterial": [
                      {
                        "ƒ.ComponentMaterial": {
                          "sortForAlpha": false,
                          "clrPrimary": "[1, 1, 1, 1]",
                          "clrSecondary": "[1, 1, 1, 1]",
                          "pivot": {
                            "translation": "[0, 0]",
                            "rotation": 0,
                            "scaling": "[1, 1]"
                          },
                          "Component": {
                            "active": true
                          },
                          "idMaterial": "Material|2023-06-29T11:55:02.112Z|73412"
                        }
                      }
                    ],
                    "ComponentTransform": [
                      {
                        "ƒ.ComponentTransform": {
                          "local": {
                            "translation": "[-3, 0, 0]",
                            "rotation": "[0, 0, 0]",
                            "scaling": "[1, 1, 1]"
                          },
                          "Component": {
                            "active": true
                          }
                        }
                      }
                    ]
                  },
                  "children": []
                }
              },
              {
                "ƒ.Node": {
                  "name": "Floor3",
                  "active": true,
                  "components": {
                    "ComponentMesh": [
                      {
                        "ƒ.ComponentMesh": {
                          "idMesh": "MeshQuad|2023-06-29T11:54:51.271Z|84924",
                          "pivot": {
                            "translation": "[0, 0, 0]",
                            "rotation": "[0, 0, 0]",
                            "scaling": "[1, 1, 1]"
                          },
                          "Component": {
                            "active": true
                          }
                        }
                      }
                    ],
                    "ComponentMaterial": [
                      {
                        "ƒ.ComponentMaterial": {
                          "sortForAlpha": false,
                          "clrPrimary": "[1, 1, 1, 1]",
                          "clrSecondary": "[1, 1, 1, 1]",
                          "pivot": {
                            "translation": "[0, 0]",
                            "rotation": 0,
                            "scaling": "[1, 1]"
                          },
                          "Component": {
                            "active": true
                          },
                          "idMaterial": "Material|2023-06-29T11:55:02.112Z|73412"
                        }
                      }
                    ],
                    "ComponentTransform": [
                      {
                        "ƒ.ComponentTransform": {
                          "local": {
                            "translation": "[3, 0, 0]",
                            "rotation": "[0, 0, 0]",
                            "scaling": "[1, 1, 1]"
                          },
                          "Component": {
                            "active": true
                          }
                        }
                      }
                    ]
                  },
                  "children": []
                }
              },
              {
                "ƒ.Node": {
                  "name": "Floor4",
                  "active": true,
                  "components": {
                    "ComponentMesh": [
                      {
                        "ƒ.ComponentMesh": {
                          "idMesh": "MeshQuad|2023-06-29T11:54:51.271Z|84924",
                          "pivot": {
                            "translation": "[0, 0, 0]",
                            "rotation": "[0, 0, 0]",
                            "scaling": "[1, 1, 1]"
                          },
                          "Component": {
                            "active": true
                          }
                        }
                      }
                    ],
                    "ComponentMaterial": [
                      {
                        "ƒ.ComponentMaterial": {
                          "sortForAlpha": false,
                          "clrPrimary": "[1, 1, 1, 1]",
                          "clrSecondary": "[1, 1, 1, 1]",
                          "pivot": {
                            "translation": "[0, 0]",
                            "rotation": 0,
                            "scaling": "[1, 1]"
                          },
                          "Component": {
                            "active": true
                          },
                          "idMaterial": "Material|2023-06-29T11:55:02.112Z|73412"
                        }
                      }
                    ],
                    "ComponentTransform": [
                      {
                        "ƒ.ComponentTransform": {
                          "local": {
                            "translation": "[2, 0, 0]",
                            "rotation": "[0, 0, 0]",
                            "scaling": "[1, 1, 1]"
                          },
                          "Component": {
                            "active": true
                          }
                        }
                      }
                    ]
                  },
                  "children": []
                }
              },
              {
                "ƒ.Node": {
                  "name": "Floor5",
                  "active": true,
                  "components": {
                    "ComponentMesh": [
                      {
                        "ƒ.ComponentMesh": {
                          "idMesh": "MeshQuad|2023-06-29T11:54:51.271Z|84924",
                          "pivot": {
                            "translation": "[0, 0, 0]",
                            "rotation": "[0, 0, 0]",
                            "scaling": "[1, 1, 1]"
                          },
                          "Component": {
                            "active": true
                          }
                        }
                      }
                    ],
                    "ComponentMaterial": [
                      {
                        "ƒ.ComponentMaterial": {
                          "sortForAlpha": false,
                          "clrPrimary": "[1, 1, 1, 1]",
                          "clrSecondary": "[1, 1, 1, 1]",
                          "pivot": {
                            "translation": "[0, 0]",
                            "rotation": 0,
                            "scaling": "[1, 1]"
                          },
                          "Component": {
                            "active": true
                          },
                          "idMaterial": "Material|2023-06-29T11:55:02.112Z|73412"
                        }
                      }
                    ],
                    "ComponentTransform": [
                      {
                        "ƒ.ComponentTransform": {
                          "local": {
                            "translation": "[-2, 0, 0]",
                            "rotation": "[0, 0, 0]",
                            "scaling": "[1, 1, 1]"
                          },
                          "Component": {
                            "active": true
                          }
                        }
                      }
                    ]
                  },
                  "children": []
                }
              },
              {
                "ƒ.Node": {
                  "name": "Floor6",
                  "active": true,
                  "components": {
                    "ComponentMesh": [
                      {
                        "ƒ.ComponentMesh": {
                          "idMesh": "MeshQuad|2023-06-29T11:54:51.271Z|84924",
                          "pivot": {
                            "translation": "[0, 0, 0]",
                            "rotation": "[0, 0, 0]",
                            "scaling": "[1, 1, 1]"
                          },
                          "Component": {
                            "active": true
                          }
                        }
                      }
                    ],
                    "ComponentMaterial": [
                      {
                        "ƒ.ComponentMaterial": {
                          "sortForAlpha": false,
                          "clrPrimary": "[1, 1, 1, 1]",
                          "clrSecondary": "[1, 1, 1, 1]",
                          "pivot": {
                            "translation": "[0, 0]",
                            "rotation": 0,
                            "scaling": "[1, 1]"
                          },
                          "Component": {
                            "active": true
                          },
                          "idMaterial": "Material|2023-06-29T11:55:02.112Z|73412"
                        }
                      }
                    ],
                    "ComponentTransform": [
                      {
                        "ƒ.ComponentTransform": {
                          "local": {
                            "translation": "[4, 0, 0]",
                            "rotation": "[0, 0, 0]",
                            "scaling": "[1, 1, 1]"
                          },
                          "Component": {
                            "active": true
                          }
                        }
                      }
                    ]
                  },
                  "children": []
                }
              },
              {
                "ƒ.Node": {
                  "name": "Floor7",
                  "active": true,
                  "components": {
                    "ComponentMesh": [
                      {
                        "ƒ.ComponentMesh": {
                          "idMesh": "MeshQuad|2023-06-29T11:54:51.271Z|84924",
                          "pivot": {
                            "translation": "[0, 0, 0]",
                            "rotation": "[0, 0, 0]",
                            "scaling": "[1, 1, 1]"
                          },
                          "Component": {
                            "active": true
                          }
                        }
                      }
                    ],
                    "ComponentMaterial": [
                      {
                        "ƒ.ComponentMaterial": {
                          "sortForAlpha": false,
                          "clrPrimary": "[1, 1, 1, 1]",
                          "clrSecondary": "[1, 1, 1, 1]",
                          "pivot": {
                            "translation": "[0, 0]",
                            "rotation": 0,
                            "scaling": "[1, 1]"
                          },
                          "Component": {
                            "active": true
                          },
                          "idMaterial": "Material|2023-06-29T11:55:02.112Z|73412"
                        }
                      }
                    ],
                    "ComponentTransform": [
                      {
                        "ƒ.ComponentTransform": {
                          "local": {
                            "translation": "[-1, 1, 0]",
                            "rotation": "[0, 0, 0]",
                            "scaling": "[1, 1, 1]"
                          },
                          "Component": {
                            "active": true
                          }
                        }
                      }
                    ]
                  },
                  "children": []
                }
              },
              {
                "ƒ.Node": {
                  "name": "Floor8",
                  "active": true,
                  "components": {
                    "ComponentMesh": [
                      {
                        "ƒ.ComponentMesh": {
                          "idMesh": "MeshQuad|2023-06-29T11:54:51.271Z|84924",
                          "pivot": {
                            "translation": "[0, 0, 0]",
                            "rotation": "[0, 0, 0]",
                            "scaling": "[1, 1, 1]"
                          },
                          "Component": {
                            "active": true
                          }
                        }
                      }
                    ],
                    "ComponentMaterial": [
                      {
                        "ƒ.ComponentMaterial": {
                          "sortForAlpha": false,
                          "clrPrimary": "[1, 1, 1, 1]",
                          "clrSecondary": "[1, 1, 1, 1]",
                          "pivot": {
                            "translation": "[0, 0]",
                            "rotation": 0,
                            "scaling": "[1, 1]"
                          },
                          "Component": {
                            "active": true
                          },
                          "idMaterial": "Material|2023-06-29T11:55:02.112Z|73412"
                        }
                      }
                    ],
                    "ComponentTransform": [
                      {
                        "ƒ.ComponentTransform": {
                          "local": {
                            "translation": "[2, 1, 0]",
                            "rotation": "[0, 0, 0]",
                            "scaling": "[1, 1, 1]"
                          },
                          "Component": {
                            "active": true
                          }
                        }
                      }
                    ]
                  },
                  "children": []
                }
              },
              {
                "ƒ.Node": {
                  "name": "Floor9",
                  "active": true,
                  "components": {
                    "ComponentMesh": [
                      {
                        "ƒ.ComponentMesh": {
                          "idMesh": "MeshQuad|2023-06-29T11:54:51.271Z|84924",
                          "pivot": {
                            "translation": "[0, 0, 0]",
                            "rotation": "[0, 0, 0]",
                            "scaling": "[1, 1, 1]"
                          },
                          "Component": {
                            "active": true
                          }
                        }
                      }
                    ],
                    "ComponentMaterial": [
                      {
                        "ƒ.ComponentMaterial": {
                          "sortForAlpha": false,
                          "clrPrimary": "[1, 1, 1, 1]",
                          "clrSecondary": "[1, 1, 1, 1]",
                          "pivot": {
                            "translation": "[0, 0]",
                            "rotation": 0,
                            "scaling": "[1, 1]"
                          },
                          "Component": {
                            "active": true
                          },
                          "idMaterial": "Material|2023-06-29T11:55:02.112Z|73412"
                        }
                      }
                    ],
                    "ComponentTransform": [
                      {
                        "ƒ.ComponentTransform": {
                          "local": {
                            "translation": "[-4, 0, 0]",
                            "rotation": "[0, 0, 0]",
                            "scaling": "[1, 1, 1]"
                          },
                          "Component": {
                            "active": true
                          }
                        }
                      }
                    ]
                  },
                  "children": []
                }
              },
              {
                "ƒ.Node": {
                  "name": "Floor10",
                  "active": true,
                  "components": {
                    "ComponentMesh": [
                      {
                        "ƒ.ComponentMesh": {
                          "idMesh": "MeshQuad|2023-06-29T11:54:51.271Z|84924",
                          "pivot": {
                            "translation": "[0, 0, 0]",
                            "rotation": "[0, 0, 0]",
                            "scaling": "[1, 1, 1]"
                          },
                          "Component": {
                            "active": true
                          }
                        }
                      }
                    ],
                    "ComponentMaterial": [
                      {
                        "ƒ.ComponentMaterial": {
                          "sortForAlpha": false,
                          "clrPrimary": "[1, 1, 1, 1]",
                          "clrSecondary": "[1, 1, 1, 1]",
                          "pivot": {
                            "translation": "[0, 0]",
                            "rotation": 0,
                            "scaling": "[1, 1]"
                          },
                          "Component": {
                            "active": true
                          },
                          "idMaterial": "Material|2023-06-29T11:55:02.112Z|73412"
                        }
                      }
                    ],
                    "ComponentTransform": [
                      {
                        "ƒ.ComponentTransform": {
                          "local": {
                            "translation": "[5, 0, 0]",
                            "rotation": "[0, 0, 0]",
                            "scaling": "[1, 1, 1]"
                          },
                          "Component": {
                            "active": true
                          }
                        }
                      }
                    ]
                  },
                  "children": []
                }
              },
              {
                "ƒ.Node": {
                  "name": "Floor11",
                  "active": true,
                  "components": {
                    "ComponentMesh": [
                      {
                        "ƒ.ComponentMesh": {
                          "idMesh": "MeshQuad|2023-06-29T11:54:51.271Z|84924",
                          "pivot": {
                            "translation": "[0, 0, 0]",
                            "rotation": "[0, 0, 0]",
                            "scaling": "[1, 1, 1]"
                          },
                          "Component": {
                            "active": true
                          }
                        }
                      }
                    ],
                    "ComponentMaterial": [
                      {
                        "ƒ.ComponentMaterial": {
                          "sortForAlpha": false,
                          "clrPrimary": "[1, 1, 1, 1]",
                          "clrSecondary": "[1, 1, 1, 1]",
                          "pivot": {
                            "translation": "[0, 0]",
                            "rotation": 0,
                            "scaling": "[1, 1]"
                          },
                          "Component": {
                            "active": true
                          },
                          "idMaterial": "Material|2023-06-29T11:55:02.112Z|73412"
                        }
                      }
                    ],
                    "ComponentTransform": [
                      {
                        "ƒ.ComponentTransform": {
                          "local": {
                            "translation": "[-4, 1, 0]",
                            "rotation": "[0, 0, 0]",
                            "scaling": "[1, 1, 1]"
                          },
                          "Component": {
                            "active": true
                          }
                        }
                      }
                    ]
                  },
                  "children": []
                }
              },
              {
                "ƒ.Node": {
                  "name": "Floor12",
                  "active": true,
                  "components": {
                    "ComponentMesh": [
                      {
                        "ƒ.ComponentMesh": {
                          "idMesh": "MeshQuad|2023-06-29T11:54:51.271Z|84924",
                          "pivot": {
                            "translation": "[0, 0, 0]",
                            "rotation": "[0, 0, 0]",
                            "scaling": "[1, 1, 1]"
                          },
                          "Component": {
                            "active": true
                          }
                        }
                      }
                    ],
                    "ComponentMaterial": [
                      {
                        "ƒ.ComponentMaterial": {
                          "sortForAlpha": false,
                          "clrPrimary": "[1, 1, 1, 1]",
                          "clrSecondary": "[1, 1, 1, 1]",
                          "pivot": {
                            "translation": "[0, 0]",
                            "rotation": 0,
                            "scaling": "[1, 1]"
                          },
                          "Component": {
                            "active": true
                          },
                          "idMaterial": "Material|2023-06-29T11:55:02.112Z|73412"
                        }
                      }
                    ],
                    "ComponentTransform": [
                      {
                        "ƒ.ComponentTransform": {
                          "local": {
                            "translation": "[5, 1, 0]",
                            "rotation": "[0, 0, 0]",
                            "scaling": "[1, 1, 1]"
                          },
                          "Component": {
                            "active": true
                          }
                        }
                      }
                    ]
                  },
                  "children": []
                }
              },
              {
                "ƒ.Node": {
                  "name": "Floor13",
                  "active": true,
                  "components": {
                    "ComponentMaterial": [
                      {
                        "ƒ.ComponentMaterial": {
                          "sortForAlpha": false,
                          "clrPrimary": "[1, 1, 1, 1]",
                          "clrSecondary": "[1, 1, 1, 1]",
                          "pivot": {
                            "translation": "[0, 0]",
                            "rotation": 0,
                            "scaling": "[1, 1]"
                          },
                          "Component": {
                            "active": true
                          },
                          "idMaterial": "Material|2023-06-29T11:55:02.112Z|73412"
                        }
                      }
                    ],
                    "ComponentMesh": [
                      {
                        "ƒ.ComponentMesh": {
                          "idMesh": "MeshQuad|2023-06-29T11:54:51.271Z|84924",
                          "pivot": {
                            "translation": "[0, 0, 0]",
                            "rotation": "[0, 0, 0]",
                            "scaling": "[1, 1, 1]"
                          },
                          "Component": {
                            "active": true
                          }
                        }
                      }
                    ],
                    "ComponentTransform": [
                      {
                        "ƒ.ComponentTransform": {
                          "local": {
                            "translation": "[0, 3, 0]",
                            "rotation": "[0, 0, 0]",
                            "scaling": "[1, 1, 1]"
                          },
                          "Component": {
                            "active": true
                          }
                        }
                      }
                    ]
                  },
                  "children": []
                }
              },
              {
                "ƒ.Node": {
                  "name": "Floor14",
                  "active": true,
                  "components": {
                    "ComponentMesh": [
                      {
                        "ƒ.ComponentMesh": {
                          "idMesh": "MeshQuad|2023-06-29T11:54:51.271Z|84924",
                          "pivot": {
                            "translation": "[0, 0, 0]",
                            "rotation": "[0, 0, 0]",
                            "scaling": "[1, 1, 1]"
                          },
                          "Component": {
                            "active": true
                          }
                        }
                      }
                    ],
                    "ComponentMaterial": [
                      {
                        "ƒ.ComponentMaterial": {
                          "sortForAlpha": false,
                          "clrPrimary": "[1, 1, 1, 1]",
                          "clrSecondary": "[1, 1, 1, 1]",
                          "pivot": {
                            "translation": "[0, 0]",
                            "rotation": 0,
                            "scaling": "[1, 1]"
                          },
                          "Component": {
                            "active": true
                          },
                          "idMaterial": "Material|2023-06-29T11:55:02.112Z|73412"
                        }
                      }
                    ],
                    "ComponentTransform": [
                      {
                        "ƒ.ComponentTransform": {
                          "local": {
                            "translation": "[1, 3, 0]",
                            "rotation": "[0, 0, 0]",
                            "scaling": "[1, 1, 1]"
                          },
                          "Component": {
                            "active": true
                          }
                        }
                      }
                    ]
                  },
                  "children": []
                }
              },
              {
                "ƒ.Node": {
                  "name": "Floor15",
                  "active": true,
                  "components": {
                    "ComponentMesh": [
                      {
                        "ƒ.ComponentMesh": {
                          "idMesh": "MeshQuad|2023-06-29T11:54:51.271Z|84924",
                          "pivot": {
                            "translation": "[0, 0, 0]",
                            "rotation": "[0, 0, 0]",
                            "scaling": "[1, 1, 1]"
                          },
                          "Component": {
                            "active": true
                          }
                        }
                      }
                    ],
                    "ComponentMaterial": [
                      {
                        "ƒ.ComponentMaterial": {
                          "sortForAlpha": false,
                          "clrPrimary": "[1, 1, 1, 1]",
                          "clrSecondary": "[1, 1, 1, 1]",
                          "pivot": {
                            "translation": "[0, 0]",
                            "rotation": 0,
                            "scaling": "[1, 1]"
                          },
                          "Component": {
                            "active": true
                          },
                          "idMaterial": "Material|2023-06-29T11:55:02.112Z|73412"
                        }
                      }
                    ],
                    "ComponentTransform": [
                      {
                        "ƒ.ComponentTransform": {
                          "local": {
                            "translation": "[-4, 2, 0]",
                            "rotation": "[0, 0, 0]",
                            "scaling": "[1, 1, 1]"
                          },
                          "Component": {
                            "active": true
                          }
                        }
                      }
                    ]
                  },
                  "children": []
                }
              },
              {
                "ƒ.Node": {
                  "name": "Floor16",
                  "active": true,
                  "components": {
                    "ComponentMesh": [
                      {
                        "ƒ.ComponentMesh": {
                          "idMesh": "MeshQuad|2023-06-29T11:54:51.271Z|84924",
                          "pivot": {
                            "translation": "[0, 0, 0]",
                            "rotation": "[0, 0, 0]",
                            "scaling": "[1, 1, 1]"
                          },
                          "Component": {
                            "active": true
                          }
                        }
                      }
                    ],
                    "ComponentMaterial": [
                      {
                        "ƒ.ComponentMaterial": {
                          "sortForAlpha": false,
                          "clrPrimary": "[1, 1, 1, 1]",
                          "clrSecondary": "[1, 1, 1, 1]",
                          "pivot": {
                            "translation": "[0, 0]",
                            "rotation": 0,
                            "scaling": "[1, 1]"
                          },
                          "Component": {
                            "active": true
                          },
                          "idMaterial": "Material|2023-06-29T11:55:02.112Z|73412"
                        }
                      }
                    ],
                    "ComponentTransform": [
                      {
                        "ƒ.ComponentTransform": {
                          "local": {
                            "translation": "[5, 2, 0]",
                            "rotation": "[0, 0, 0]",
                            "scaling": "[1, 1, 1]"
                          },
                          "Component": {
                            "active": true
                          }
                        }
                      }
                    ]
                  },
                  "children": []
                }
              },
              {
                "ƒ.Node": {
                  "name": "Floor17",
                  "active": true,
                  "components": {
                    "ComponentMaterial": [
                      {
                        "ƒ.ComponentMaterial": {
                          "sortForAlpha": false,
                          "clrPrimary": "[1, 1, 1, 1]",
                          "clrSecondary": "[1, 1, 1, 1]",
                          "pivot": {
                            "translation": "[0, 0]",
                            "rotation": 0,
                            "scaling": "[1, 1]"
                          },
                          "Component": {
                            "active": true
                          },
                          "idMaterial": "Material|2023-06-29T11:55:02.112Z|73412"
                        }
                      }
                    ],
                    "ComponentMesh": [
                      {
                        "ƒ.ComponentMesh": {
                          "idMesh": "MeshQuad|2023-06-29T11:54:51.271Z|84924",
                          "pivot": {
                            "translation": "[0, 0, 0]",
                            "rotation": "[0, 0, 0]",
                            "scaling": "[1, 1, 1]"
                          },
                          "Component": {
                            "active": true
                          }
                        }
                      }
                    ],
                    "ComponentTransform": [
                      {
                        "ƒ.ComponentTransform": {
                          "local": {
                            "translation": "[-4, 3, 0]",
                            "rotation": "[0, 0, 0]",
                            "scaling": "[1, 1, 1]"
                          },
                          "Component": {
                            "active": true
                          }
                        }
                      }
                    ]
                  },
                  "children": []
                }
              },
              {
                "ƒ.Node": {
                  "name": "Floor18",
                  "active": true,
                  "components": {
                    "ComponentMesh": [
                      {
                        "ƒ.ComponentMesh": {
                          "idMesh": "MeshQuad|2023-06-29T11:54:51.271Z|84924",
                          "pivot": {
                            "translation": "[0, 0, 0]",
                            "rotation": "[0, 0, 0]",
                            "scaling": "[1, 1, 1]"
                          },
                          "Component": {
                            "active": true
                          }
                        }
                      }
                    ],
                    "ComponentMaterial": [
                      {
                        "ƒ.ComponentMaterial": {
                          "sortForAlpha": false,
                          "clrPrimary": "[1, 1, 1, 1]",
                          "clrSecondary": "[1, 1, 1, 1]",
                          "pivot": {
                            "translation": "[0, 0]",
                            "rotation": 0,
                            "scaling": "[1, 1]"
                          },
                          "Component": {
                            "active": true
                          },
                          "idMaterial": "Material|2023-06-29T11:55:02.112Z|73412"
                        }
                      }
                    ],
                    "ComponentTransform": [
                      {
                        "ƒ.ComponentTransform": {
                          "local": {
                            "translation": "[5, 3, 0]",
                            "rotation": "[0, 0, 0]",
                            "scaling": "[1, 1, 1]"
                          },
                          "Component": {
                            "active": true
                          }
                        }
                      }
                    ]
                  },
                  "children": []
                }
              },
              {
                "ƒ.Node": {
                  "name": "Floor19",
                  "active": true,
                  "components": {
                    "ComponentMesh": [
                      {
                        "ƒ.ComponentMesh": {
                          "idMesh": "MeshQuad|2023-06-29T11:54:51.271Z|84924",
                          "pivot": {
                            "translation": "[0, 0, 0]",
                            "rotation": "[0, 0, 0]",
                            "scaling": "[1, 1, 1]"
                          },
                          "Component": {
                            "active": true
                          }
                        }
                      }
                    ],
                    "ComponentMaterial": [
                      {
                        "ƒ.ComponentMaterial": {
                          "sortForAlpha": false,
                          "clrPrimary": "[1, 1, 1, 1]",
                          "clrSecondary": "[1, 1, 1, 1]",
                          "pivot": {
                            "translation": "[0, 0]",
                            "rotation": 0,
                            "scaling": "[1, 1]"
                          },
                          "Component": {
                            "active": true
                          },
                          "idMaterial": "Material|2023-06-29T11:55:02.112Z|73412"
                        }
                      }
                    ],
                    "ComponentTransform": [
                      {
                        "ƒ.ComponentTransform": {
                          "local": {
                            "translation": "[-4, 4, 0]",
                            "rotation": "[0, 0, 0]",
                            "scaling": "[1, 1, 1]"
                          },
                          "Component": {
                            "active": true
                          }
                        }
                      }
                    ]
                  },
                  "children": []
                }
              },
              {
                "ƒ.Node": {
                  "name": "Floor20",
                  "active": true,
                  "components": {
                    "ComponentMesh": [
                      {
                        "ƒ.ComponentMesh": {
                          "idMesh": "MeshQuad|2023-06-29T11:54:51.271Z|84924",
                          "pivot": {
                            "translation": "[0, 0, 0]",
                            "rotation": "[0, 0, 0]",
                            "scaling": "[1, 1, 1]"
                          },
                          "Component": {
                            "active": true
                          }
                        }
                      }
                    ],
                    "ComponentMaterial": [
                      {
                        "ƒ.ComponentMaterial": {
                          "sortForAlpha": false,
                          "clrPrimary": "[1, 1, 1, 1]",
                          "clrSecondary": "[1, 1, 1, 1]",
                          "pivot": {
                            "translation": "[0, 0]",
                            "rotation": 0,
                            "scaling": "[1, 1]"
                          },
                          "Component": {
                            "active": true
                          },
                          "idMaterial": "Material|2023-06-29T11:55:02.112Z|73412"
                        }
                      }
                    ],
                    "ComponentTransform": [
                      {
                        "ƒ.ComponentTransform": {
                          "local": {
                            "translation": "[-4, 5, 0]",
                            "rotation": "[0, 0, 0]",
                            "scaling": "[1, 1, 1]"
                          },
                          "Component": {
                            "active": true
                          }
                        }
                      }
                    ]
                  },
                  "children": []
                }
              },
              {
                "ƒ.Node": {
                  "name": "Floor21",
                  "active": true,
                  "components": {
                    "ComponentMesh": [
                      {
                        "ƒ.ComponentMesh": {
                          "idMesh": "MeshQuad|2023-06-29T11:54:51.271Z|84924",
                          "pivot": {
                            "translation": "[0, 0, 0]",
                            "rotation": "[0, 0, 0]",
                            "scaling": "[1, 1, 1]"
                          },
                          "Component": {
                            "active": true
                          }
                        }
                      }
                    ],
                    "ComponentMaterial": [
                      {
                        "ƒ.ComponentMaterial": {
                          "sortForAlpha": false,
                          "clrPrimary": "[1, 1, 1, 1]",
                          "clrSecondary": "[1, 1, 1, 1]",
                          "pivot": {
                            "translation": "[0, 0]",
                            "rotation": 0,
                            "scaling": "[1, 1]"
                          },
                          "Component": {
                            "active": true
                          },
                          "idMaterial": "Material|2023-06-29T11:55:02.112Z|73412"
                        }
                      }
                    ],
                    "ComponentTransform": [
                      {
                        "ƒ.ComponentTransform": {
                          "local": {
                            "translation": "[-4, 6, 0]",
                            "rotation": "[0, 0, 0]",
                            "scaling": "[1, 1, 1]"
                          },
                          "Component": {
                            "active": true
                          }
                        }
                      }
                    ]
                  },
                  "children": []
                }
              },
              {
                "ƒ.Node": {
                  "name": "Floor22",
                  "active": true,
                  "components": {
                    "ComponentMesh": [
                      {
                        "ƒ.ComponentMesh": {
                          "idMesh": "MeshQuad|2023-06-29T11:54:51.271Z|84924",
                          "pivot": {
                            "translation": "[0, 0, 0]",
                            "rotation": "[0, 0, 0]",
                            "scaling": "[1, 1, 1]"
                          },
                          "Component": {
                            "active": true
                          }
                        }
                      }
                    ],
                    "ComponentMaterial": [
                      {
                        "ƒ.ComponentMaterial": {
                          "sortForAlpha": false,
                          "clrPrimary": "[1, 1, 1, 1]",
                          "clrSecondary": "[1, 1, 1, 1]",
                          "pivot": {
                            "translation": "[0, 0]",
                            "rotation": 0,
                            "scaling": "[1, 1]"
                          },
                          "Component": {
                            "active": true
                          },
                          "idMaterial": "Material|2023-06-29T11:55:02.112Z|73412"
                        }
                      }
                    ],
                    "ComponentTransform": [
                      {
                        "ƒ.ComponentTransform": {
                          "local": {
                            "translation": "[-3, 6, 0]",
                            "rotation": "[0, 0, 0]",
                            "scaling": "[1, 1, 1]"
                          },
                          "Component": {
                            "active": true
                          }
                        }
                      }
                    ]
                  },
                  "children": []
                }
              },
              {
                "ƒ.Node": {
                  "name": "Floor23",
                  "active": true,
                  "components": {
                    "ComponentMesh": [
                      {
                        "ƒ.ComponentMesh": {
                          "idMesh": "MeshQuad|2023-06-29T11:54:51.271Z|84924",
                          "pivot": {
                            "translation": "[0, 0, 0]",
                            "rotation": "[0, 0, 0]",
                            "scaling": "[1, 1, 1]"
                          },
                          "Component": {
                            "active": true
                          }
                        }
                      }
                    ],
                    "ComponentMaterial": [
                      {
                        "ƒ.ComponentMaterial": {
                          "sortForAlpha": false,
                          "clrPrimary": "[1, 1, 1, 1]",
                          "clrSecondary": "[1, 1, 1, 1]",
                          "pivot": {
                            "translation": "[0, 0]",
                            "rotation": 0,
                            "scaling": "[1, 1]"
                          },
                          "Component": {
                            "active": true
                          },
                          "idMaterial": "Material|2023-06-29T11:55:02.112Z|73412"
                        }
                      }
                    ],
                    "ComponentTransform": [
                      {
                        "ƒ.ComponentTransform": {
                          "local": {
                            "translation": "[-2, 6, 0]",
                            "rotation": "[0, 0, 0]",
                            "scaling": "[1, 1, 1]"
                          },
                          "Component": {
                            "active": true
                          }
                        }
                      }
                    ]
                  },
                  "children": []
                }
              },
              {
                "ƒ.Node": {
                  "name": "Floor24",
                  "active": true,
                  "components": {
                    "ComponentMesh": [
                      {
                        "ƒ.ComponentMesh": {
                          "idMesh": "MeshQuad|2023-06-29T11:54:51.271Z|84924",
                          "pivot": {
                            "translation": "[0, 0, 0]",
                            "rotation": "[0, 0, 0]",
                            "scaling": "[1, 1, 1]"
                          },
                          "Component": {
                            "active": true
                          }
                        }
                      }
                    ],
                    "ComponentMaterial": [
                      {
                        "ƒ.ComponentMaterial": {
                          "sortForAlpha": false,
                          "clrPrimary": "[1, 1, 1, 1]",
                          "clrSecondary": "[1, 1, 1, 1]",
                          "pivot": {
                            "translation": "[0, 0]",
                            "rotation": 0,
                            "scaling": "[1, 1]"
                          },
                          "Component": {
                            "active": true
                          },
                          "idMaterial": "Material|2023-06-29T11:55:02.112Z|73412"
                        }
                      }
                    ],
                    "ComponentTransform": [
                      {
                        "ƒ.ComponentTransform": {
                          "local": {
                            "translation": "[-1, 6, 0]",
                            "rotation": "[0, 0, 0]",
                            "scaling": "[1, 1, 1]"
                          },
                          "Component": {
                            "active": true
                          }
                        }
                      }
                    ]
                  },
                  "children": []
                }
              },
              {
                "ƒ.Node": {
                  "name": "Floor25",
                  "active": true,
                  "components": {
                    "ComponentMesh": [
                      {
                        "ƒ.ComponentMesh": {
                          "idMesh": "MeshQuad|2023-06-29T11:54:51.271Z|84924",
                          "pivot": {
                            "translation": "[0, 0, 0]",
                            "rotation": "[0, 0, 0]",
                            "scaling": "[1, 1, 1]"
                          },
                          "Component": {
                            "active": true
                          }
                        }
                      }
                    ],
                    "ComponentMaterial": [
                      {
                        "ƒ.ComponentMaterial": {
                          "sortForAlpha": false,
                          "clrPrimary": "[1, 1, 1, 1]",
                          "clrSecondary": "[1, 1, 1, 1]",
                          "pivot": {
                            "translation": "[0, 0]",
                            "rotation": 0,
                            "scaling": "[1, 1]"
                          },
                          "Component": {
                            "active": true
                          },
                          "idMaterial": "Material|2023-06-29T11:55:02.112Z|73412"
                        }
                      }
                    ],
                    "ComponentTransform": [
                      {
                        "ƒ.ComponentTransform": {
                          "local": {
                            "translation": "[0, 6, 0]",
                            "rotation": "[0, 0, 0]",
                            "scaling": "[1, 1, 1]"
                          },
                          "Component": {
                            "active": true
                          }
                        }
                      }
                    ]
                  },
                  "children": []
                }
              },
              {
                "ƒ.Node": {
                  "name": "Floor26",
                  "active": true,
                  "components": {
                    "ComponentMesh": [
                      {
                        "ƒ.ComponentMesh": {
                          "idMesh": "MeshQuad|2023-06-29T11:54:51.271Z|84924",
                          "pivot": {
                            "translation": "[0, 0, 0]",
                            "rotation": "[0, 0, 0]",
                            "scaling": "[1, 1, 1]"
                          },
                          "Component": {
                            "active": true
                          }
                        }
                      }
                    ],
                    "ComponentMaterial": [
                      {
                        "ƒ.ComponentMaterial": {
                          "sortForAlpha": false,
                          "clrPrimary": "[1, 1, 1, 1]",
                          "clrSecondary": "[1, 1, 1, 1]",
                          "pivot": {
                            "translation": "[0, 0]",
                            "rotation": 0,
                            "scaling": "[1, 1]"
                          },
                          "Component": {
                            "active": true
                          },
                          "idMaterial": "Material|2023-06-29T11:55:02.112Z|73412"
                        }
                      }
                    ],
                    "ComponentTransform": [
                      {
                        "ƒ.ComponentTransform": {
                          "local": {
                            "translation": "[1, 6, 0]",
                            "rotation": "[0, 0, 0]",
                            "scaling": "[1, 1, 1]"
                          },
                          "Component": {
                            "active": true
                          }
                        }
                      }
                    ]
                  },
                  "children": []
                }
              },
              {
                "ƒ.Node": {
                  "name": "Floor27",
                  "active": true,
                  "components": {
                    "ComponentMesh": [
                      {
                        "ƒ.ComponentMesh": {
                          "idMesh": "MeshQuad|2023-06-29T11:54:51.271Z|84924",
                          "pivot": {
                            "translation": "[0, 0, 0]",
                            "rotation": "[0, 0, 0]",
                            "scaling": "[1, 1, 1]"
                          },
                          "Component": {
                            "active": true
                          }
                        }
                      }
                    ],
                    "ComponentMaterial": [
                      {
                        "ƒ.ComponentMaterial": {
                          "sortForAlpha": false,
                          "clrPrimary": "[1, 1, 1, 1]",
                          "clrSecondary": "[1, 1, 1, 1]",
                          "pivot": {
                            "translation": "[0, 0]",
                            "rotation": 0,
                            "scaling": "[1, 1]"
                          },
                          "Component": {
                            "active": true
                          },
                          "idMaterial": "Material|2023-06-29T11:55:02.112Z|73412"
                        }
                      }
                    ],
                    "ComponentTransform": [
                      {
                        "ƒ.ComponentTransform": {
                          "local": {
                            "translation": "[2, 6, 0]",
                            "rotation": "[0, 0, 0]",
                            "scaling": "[1, 1, 1]"
                          },
                          "Component": {
                            "active": true
                          }
                        }
                      }
                    ]
                  },
                  "children": []
                }
              },
              {
                "ƒ.Node": {
                  "name": "Floor28",
                  "active": true,
                  "components": {
                    "ComponentMesh": [
                      {
                        "ƒ.ComponentMesh": {
                          "idMesh": "MeshQuad|2023-06-29T11:54:51.271Z|84924",
                          "pivot": {
                            "translation": "[0, 0, 0]",
                            "rotation": "[0, 0, 0]",
                            "scaling": "[1, 1, 1]"
                          },
                          "Component": {
                            "active": true
                          }
                        }
                      }
                    ],
                    "ComponentMaterial": [
                      {
                        "ƒ.ComponentMaterial": {
                          "sortForAlpha": false,
                          "clrPrimary": "[1, 1, 1, 1]",
                          "clrSecondary": "[1, 1, 1, 1]",
                          "pivot": {
                            "translation": "[0, 0]",
                            "rotation": 0,
                            "scaling": "[1, 1]"
                          },
                          "Component": {
                            "active": true
                          },
                          "idMaterial": "Material|2023-06-29T11:55:02.112Z|73412"
                        }
                      }
                    ],
                    "ComponentTransform": [
                      {
                        "ƒ.ComponentTransform": {
                          "local": {
                            "translation": "[3, 6, 0]",
                            "rotation": "[0, 0, 0]",
                            "scaling": "[1, 1, 1]"
                          },
                          "Component": {
                            "active": true
                          }
                        }
                      }
                    ]
                  },
                  "children": []
                }
              },
              {
                "ƒ.Node": {
                  "name": "Floor29",
                  "active": true,
                  "components": {
                    "ComponentMesh": [
                      {
                        "ƒ.ComponentMesh": {
                          "idMesh": "MeshQuad|2023-06-29T11:54:51.271Z|84924",
                          "pivot": {
                            "translation": "[0, 0, 0]",
                            "rotation": "[0, 0, 0]",
                            "scaling": "[1, 1, 1]"
                          },
                          "Component": {
                            "active": true
                          }
                        }
                      }
                    ],
                    "ComponentMaterial": [
                      {
                        "ƒ.ComponentMaterial": {
                          "sortForAlpha": false,
                          "clrPrimary": "[1, 1, 1, 1]",
                          "clrSecondary": "[1, 1, 1, 1]",
                          "pivot": {
                            "translation": "[0, 0]",
                            "rotation": 0,
                            "scaling": "[1, 1]"
                          },
                          "Component": {
                            "active": true
                          },
                          "idMaterial": "Material|2023-06-29T11:55:02.112Z|73412"
                        }
                      }
                    ],
                    "ComponentTransform": [
                      {
                        "ƒ.ComponentTransform": {
                          "local": {
                            "translation": "[4, 6, 0]",
                            "rotation": "[0, 0, 0]",
                            "scaling": "[1, 1, 1]"
                          },
                          "Component": {
                            "active": true
                          }
                        }
                      }
                    ]
                  },
                  "children": []
                }
              },
              {
                "ƒ.Node": {
                  "name": "Floor30",
                  "active": true,
                  "components": {
                    "ComponentMaterial": [
                      {
                        "ƒ.ComponentMaterial": {
                          "sortForAlpha": false,
                          "clrPrimary": "[1, 1, 1, 1]",
                          "clrSecondary": "[1, 1, 1, 1]",
                          "pivot": {
                            "translation": "[0, 0]",
                            "rotation": 0,
                            "scaling": "[1, 1]"
                          },
                          "Component": {
                            "active": true
                          },
                          "idMaterial": "Material|2023-06-29T11:55:02.112Z|73412"
                        }
                      }
                    ],
                    "ComponentMesh": [
                      {
                        "ƒ.ComponentMesh": {
                          "idMesh": "MeshQuad|2023-06-29T11:54:51.271Z|84924",
                          "pivot": {
                            "translation": "[0, 0, 0]",
                            "rotation": "[0, 0, 0]",
                            "scaling": "[1, 1, 1]"
                          },
                          "Component": {
                            "active": true
                          }
                        }
                      }
                    ],
                    "ComponentTransform": [
                      {
                        "ƒ.ComponentTransform": {
                          "local": {
                            "translation": "[5, 6, 0]",
                            "rotation": "[0, 0, 0]",
                            "scaling": "[1, 1, 1]"
                          },
                          "Component": {
                            "active": true
                          }
                        }
                      }
                    ]
                  },
                  "children": []
                }
              },
              {
                "ƒ.Node": {
                  "name": "Floor31",
                  "active": true,
                  "components": {
                    "ComponentMesh": [
                      {
                        "ƒ.ComponentMesh": {
                          "idMesh": "MeshQuad|2023-06-29T11:54:51.271Z|84924",
                          "pivot": {
                            "translation": "[0, 0, 0]",
                            "rotation": "[0, 0, 0]",
                            "scaling": "[1, 1, 1]"
                          },
                          "Component": {
                            "active": true
                          }
                        }
                      }
                    ],
                    "ComponentMaterial": [
                      {
                        "ƒ.ComponentMaterial": {
                          "sortForAlpha": false,
                          "clrPrimary": "[1, 1, 1, 1]",
                          "clrSecondary": "[1, 1, 1, 1]",
                          "pivot": {
                            "translation": "[0, 0]",
                            "rotation": 0,
                            "scaling": "[1, 1]"
                          },
                          "Component": {
                            "active": true
                          },
                          "idMaterial": "Material|2023-06-29T11:55:02.112Z|73412"
                        }
                      }
                    ],
                    "ComponentTransform": [
                      {
                        "ƒ.ComponentTransform": {
                          "local": {
                            "translation": "[5, 5, 0]",
                            "rotation": "[0, 0, 0]",
                            "scaling": "[1, 1, 1]"
                          },
                          "Component": {
                            "active": true
                          }
                        }
                      }
                    ]
                  },
                  "children": []
                }
              },
              {
                "ƒ.Node": {
                  "name": "Floor32",
                  "active": true,
                  "components": {
                    "ComponentMesh": [
                      {
                        "ƒ.ComponentMesh": {
                          "idMesh": "MeshQuad|2023-06-29T11:54:51.271Z|84924",
                          "pivot": {
                            "translation": "[0, 0, 0]",
                            "rotation": "[0, 0, 0]",
                            "scaling": "[1, 1, 1]"
                          },
                          "Component": {
                            "active": true
                          }
                        }
                      }
                    ],
                    "ComponentMaterial": [
                      {
                        "ƒ.ComponentMaterial": {
                          "sortForAlpha": false,
                          "clrPrimary": "[1, 1, 1, 1]",
                          "clrSecondary": "[1, 1, 1, 1]",
                          "pivot": {
                            "translation": "[0, 0]",
                            "rotation": 0,
                            "scaling": "[1, 1]"
                          },
                          "Component": {
                            "active": true
                          },
                          "idMaterial": "Material|2023-06-29T11:55:02.112Z|73412"
                        }
                      }
                    ],
                    "ComponentTransform": [
                      {
                        "ƒ.ComponentTransform": {
                          "local": {
                            "translation": "[5, 4, 0]",
                            "rotation": "[0, 0, 0]",
                            "scaling": "[1, 1, 1]"
                          },
                          "Component": {
                            "active": true
                          }
                        }
                      }
                    ]
                  },
                  "children": []
                }
              }
            ]
          }
        }
      ],
      "idResource": "Graph|2023-06-20T11:08:39.070Z|36806",
      "type": "Graph"
    }
  }
}